,name
0,Abdol
1,Abdolfattah
2,Aboubaker
3,Addrie
4,Adegbola
5,Adler
6,Amanjit
7,Arber
8,Ardle
9,Arni
10,Arris
11,Ashif
12,Ashiq
13,Ashwinkaarthe
14,Avaiz
15,Aviral
16,Avyukt
17,Axel-Jay
18,Aziz
19,Bailey-Robert
20,Baley
21,Barnabus
22,Bassiru
23,Billal
24,Blain
25,Caine
26,Caly
27,Caoimhan
28,Chareen
29,Chico
30,Chike
31,Christna
32,Christofer
33,Colbie
34,Corwen
35,Cunningham
36,Curtis-John
37,Dadwar
38,Daniels
39,Dany
40,Derein
41,Dik
42,Dinis
43,Dowan
44,Edikan
45,Esam-Eldean
46,Ethan
47,Ettuveetil
48,Faaris
49,Fang
50,Farzad
51,Fawwaz
52,Feraz
53,Gianno
54,Gurempal
55,Habib
56,Hardwin
57,Heritier
58,Hideo
59,Hrian
60,Humayl
61,Huseyin
62,Isyraf
63,Jaan
64,Jabed
65,Jacob
66,Jamaine
67,Jamesallan
68,Jaron
69,Jarvis
70,Jathin
71,Jaush
72,Jaxyn
73,Jimsheed
74,Jolson
75,Joonwon
76,Joosep
77,Jordun
78,Juven
79,Kaare
80,Kacius
81,Kagishan
82,Kanyin
83,Karter
84,Kathir
85,Keat
86,Kellie
87,Kennzie
88,Kenyon
89,Keoni
90,Kfir
91,Khondoker
92,Khrithick
93,Kialen
94,Konan
95,Kosei
96,Kowk
97,Kyle-Fergus
98,Labeeq
99,Leander
100,Lieam
101,Livin
102,Loche
103,Lynken
104,Lyric
105,Manveer
106,Marceli
107,Mikko
108,Millar
109,Monirul
110,Motoi
111,Munmohan
112,Murdanie
113,Muzfar
114,Najmaun
115,Narek
116,Nephi
117,Nicholas-Annan
118,Nuuruddiin
119,Odaro
120,Okan
121,Omann
122,Onic
123,Osamagbe
124,Oz
125,Pacian
126,Padraigh
127,Presten
128,Purmjeet
129,Putera
130,Raab
131,Rachelle
132,Rahub
133,Ramsay
134,Rennon
135,Riley-Boy
136,Riyaan
137,Roddy
138,Rohaan
139,Rohit
140,Roman-James
141,Rory-Ronald
142,Ruarc
143,Ruiraidh
144,Rutvi
145,Saahil
146,Saathvik
147,Sahib
148,Saishankar
149,Sami
150,Santino
151,Scotto
152,Sean-Thomas
153,Seean
154,Sepehr
155,Sevki
156,Shaqaib
157,Sharum
158,Shou
159,Shuja
160,Sirfraz
161,Sisco
162,Sota
163,Stefanos
164,Stiliyan
165,Stjohn
166,Sudhir
167,Sulaymaan
168,Szymek
169,Tagan
170,Tal
171,Talisker-Brett
172,Tawfeek
173,Tejay
174,Thelen
175,Theorathamos
176,Tomos
177,Tremayne
178,Treyson
179,Udit
180,Uriah
181,Uwadiale
182,Vaisakh
183,Vardin
184,Vergil
185,Vidhan
186,Viphop
187,Vivien
188,Wajeeh
189,Wilf
190,Winter
191,Xhejson
192,Yahye
193,Yassen
194,Yoshan
195,Yousf
196,Zahran
197,Zakk
198,Zubin
199,Zyon
